Student Number,Marks,
1,20,71.55
2,69,74.85
3,56,74.05
4,90,76.1
5,40,76.35
6,99,78.75
7,86,76.15
8,100,76.85
9,70,74.65
10,69,76
11,80,77.55
12,65,77.42105263
13,57,78.11111111
14,82,79.35294118
15,90,79.1875
16,70,78.46666667
17,79,
18,39,
19,90,
20,80,
21,86,
22,53,
23,97,
24,95,
25,88,
26,47,
27,100,
28,56,
29,97,
30,100,
